阶段,功能模块,业务场景,关键功能,具体功能,功能描述
Phase3：AI智能化赋能,模块 2：实时数据接入与常态化数据治理,自动提取附件与数据中的业务信息,智能内容解析与信息提取,文档内容自动解析,自动解析PDF、Word、图片等文档中的文本、表格和图表，并将识别结果转换为可检索的结构化数据。
Phase3：AI智能化赋能,模块 2：实时数据接入与常态化数据治理,自动提取附件与数据中的业务信息,智能内容解析与信息提取,结构化数据自动解析,自动识别结构化数据表中的字段含义、数据关系和业务规则。
Phase3：AI智能化赋能,模块 2：实时数据接入与常态化数据治理,自动提取附件与数据中的业务信息,智能内容解析与信息提取,核心业务信息提取,自动提取产品、项目、批次、日期、金额等核心业务实体和关键字段。
Phase3：AI智能化赋能,模块 2：实时数据接入与常态化数据治理,自动提取附件与数据中的业务信息,智能内容解析与信息提取,解析结果人工校验,提供解析结果的人工确认和修正界面，确保准确性。
Phase3：AI智能化赋能,模块 2：实时数据接入与常态化数据治理,海量归档数据自动规整,智能分类与语义标签,基于AI的自动分类,基于内容语义自动将记录分类到预定义分类体系中。
Phase3：AI智能化赋能,模块 2：实时数据接入与常态化数据治理,海量归档数据自动规整,智能分类与语义标签,AI语义标签生成,基于文档内容语义和业务上下文自动生成标签，减少人工打标成本。
Phase3：AI智能化赋能,模块 2：实时数据接入与常态化数据治理,海量归档数据自动规整,数据质量管理,重复数据识别,自动识别内容相似或重复的归档记录，提示合并或清理。
Phase3：AI智能化赋能,模块 2：实时数据接入与常态化数据治理,海量归档数据自动规整,数据关联关系智能挖掘,数据关联关系挖掘,自动识别记录、业务对象及事件之间的潜在关联，并支持关联结果查询和展示。
Phase3：AI智能化赋能,模块 2：实时数据接入与常态化数据治理,海量归档数据自动规整,智能分类与语义标签,分类结果人工确认,对AI分类和标签结果提供人工确认和批量修正机制。
Phase3：AI智能化赋能,模块 2：实时数据接入与常态化数据治理,合规核查与风险预警,数据质量管理,异常数据识别,利用AI识别数据中的异常模式、不一致性和潜在错误。
Phase3：AI智能化赋能,模块 5：档案检索、智能发现与业务利用,突破关键词检索限制,智能语义检索与匹配,语义检索,理解用户查询意图和上下文，返回语义相关结果，而不局限于字面关键词匹配。
Phase3：AI智能化赋能,模块 5：档案检索、智能发现与业务利用,突破关键词检索限制,智能语义检索与匹配,模糊智能匹配,支持错别字、同义词、近义词、缩写等模糊匹配。
Phase3：AI智能化赋能,模块 5：档案检索、智能发现与业务利用,突破关键词检索限制,关联档案智能推荐,关联数据智能推荐,基于内容语义和业务对象关联，自动推荐相关记录。
Phase3：AI智能化赋能,模块 5：档案检索、智能发现与业务利用,突破关键词检索限制,档案自然语言问答,自然语言问答,用户以自然语言提问，系统自动理解语义并聚合相关记录给出答案。
Phase3：AI智能化赋能,模块 5：档案检索、智能发现与业务利用,突破关键词检索限制,搜索结果智能排序,搜索结果智能排序,基于相关性和用户行为对搜索结果进行智能排序。
Phase3：AI智能化赋能,模块 6：合规管控、审计追踪与合规报表,合规核查与风险预警,智能合规风险识别与提醒,留存周期智能提醒,基于留存规则自动计算到期时间并提醒责任人，同时利用AI识别规则缺失、逾期未处理和误销毁风险。
Phase3：AI智能化赋能,模块 6：合规管控、审计追踪与合规报表,合规核查与风险预警,智能合规风险识别与提醒,合规风险预警,自动识别可能违反保留策略、权限策略、合规要求的记录。
Phase3：AI智能化赋能,模块 6：合规管控、审计追踪与合规报表,合规核查与风险预警,智能审计建议生成,审计建议生成,基于异常数据识别和合规风险预警结果，自动生成审计关注点、核查建议和整改建议。
Phase3：AI智能化赋能,模块 6：合规管控、审计追踪与合规报表,合规核查与风险预警,智能合规风险识别与提醒,敏感信息识别,自动识别PII/PHI、商业机密等敏感信息并标记。
Phase3：AI智能化赋能,模块 6：合规管控、审计追踪与合规报表,自动生成归档数据报告,智能报表与分析生成,归档数据智能报表,基于自然语言指令自动生成归档数据统计报表。
Phase3：AI智能化赋能,模块 6：合规管控、审计追踪与合规报表,自动生成归档数据报告,智能报表与分析生成,审计台账自动生成,自动生成符合审计要求的台账和证据清单。
Phase3：AI智能化赋能,模块 6：合规管控、审计追踪与合规报表,自动生成归档数据报告,智能报表与分析生成,业务复盘数据生成,基于归档数据自动生成业务复盘所需的数据视图。
Phase3：AI智能化赋能,模块 6：合规管控、审计追踪与合规报表,自动生成归档数据报告,智能报表与分析生成,数据趋势智能分析,利用AI分析归档数据增长趋势、访问热度和合规风险趋势。
Phase3：AI智能化赋能,模块 6：合规管控、审计追踪与合规报表,自动生成归档数据报告,报告自动生成与分发,报告自动分发,支持按照设定周期自动生成报告，并分发给指定人员。
